1,字符串转换成时间函数

mysql> select STR_TO_DATE('oct 11,2015', '%M %d,%Y');
+----------------------------------------+
| STR_TO_DATE('oct 11,2015', '%M %d,%Y') |
+----------------------------------------+
| 2015-10-11                             |
+----------------------------------------+
1 row in set (0.00 sec)

2，当前时间的函数
mysql> SELECT CURRENT_DATE(),CURRENT_TIME(),CURRENT_TIMESTAMP();
+----------------+----------------+---------------------+
| CURRENT_DATE() | CURRENT_TIME() | CURRENT_TIMESTAMP() |
+----------------+----------------+---------------------+
| 2015-09-06     | 17:02:04       | 2015-09-06 17:02:04 |
+----------------+----------------+---------------------+
1 row in set (0.00 sec)

3，取出2002年之后的数据
SELECT * FROM employee WHERE YEAR(employee.start_date) > 2002


4，取出每年的数据综合
SELECT YEAR(open_date) YEAR,COUNT(*) how_many FROM account WHERE open_date > '1999-12-31' AND open_date < '2006-01-01' GROUP BY YEAR(open_date);

